歌曲名,艺术家,专辑名,id,歌曲来源名称,封面,时长
No One Noticed,The Marías,If Only + No One Noticed,wy_2151245821,wy,http://p2.music.126.net/cHjXCxJR-tn7VJvlmZQvUw==/109951169616407801.jpg,03:56
Broken Strings,Alan Walker、Isabella Melkman、Katherine O'Ryan,"World of Walker, Season One: Rise of the Drones",wy_3334321868,wy,http://p1.music.126.net/4qXeyQjGs-EougtZYJ-w9g==/109951172591878781.jpg,02:27
EX,Kiana Ledé,Selfless,wy_866065093,wy,http://p1.music.126.net/M4mtnrlc0lMawI8qcQBJxQ==/109951163405837765.jpg,03:42
步步,五月天,步步 自选作品辑,wy_28181103,wy,http://p2.music.126.net/7g0QYe0twjfOeCCWy9qxMw==/109951168144493672.jpg,04:33
Fractures,ILLENIUM、Nevve,Fractures,wy_456185577,wy,http://p2.music.126.net/YgDqFhazYZ3s10RmkgIHzg==/18748872278605604.jpg,04:05
麦恩莉,方大同,回到未来,tx_001lmD2a2YZYN3,tx,https://y.gtimg.cn/music/photo_new/T002R500x500M000000ih4iv3HCmno.jpg,04:48
表态,梁博,表态,tx_002AIO8z0mhD6d,tx,https://y.gtimg.cn/music/photo_new/T002R500x500M000003IfNQo0Qu0W7.jpg,04:31
反乌托邦Pt.2,亞細亞曠世奇才、洛天依Official、乌托邦P,反乌托邦Pt.2,wy_3330630999,wy,http://p1.music.126.net/gH89vjqKtN6YAkHE2OsCPQ==/109951172460612010.jpg,02:59
寥寥此生虚度,暗杠,寥寥此生虚度,tx_003est3Y0FWcjW,tx,https://y.gtimg.cn/music/photo_new/T002R500x500M000000VfZbS2LdHxc.jpg,03:37
下完这场雨,后弦,下完这场雨,tx_002FsceO4WxKyF,tx,https://y.gtimg.cn/music/photo_new/T002R500x500M000004ZXlA63dZBCa.jpg,04:31
恋人,李荣浩,黑马,tx_001auUcH4WQs2V,tx,https://y.gtimg.cn/music/photo_new/T002R500x500M000004HaG7p4ZkhXA.jpg,04:35
离开我的依赖,王艳薇,离开我的依赖,tx_001GOlCd2HImcY,tx,https://y.gtimg.cn/music/photo_new/T002R500x500M000004CSyAN1oc97b.jpg,03:53
雨爱,杨丞琳,雨爱,tx_000rh0dE2TyUic,tx,https://y.gtimg.cn/music/photo_new/T002R500x500M000000jcKFG0sQrD0.jpg,04:20
逍遥叹,胡歌,仙剑奇侠传 电视剧原声带,tx_003x0p2q3vib3P,tx,https://y.gtimg.cn/music/photo_new/T002R500x500M000002fNZDg1LHT3o.jpg,05:13
爱你不是两三天,梁静茹,勇气,tx_000aVpHR3FrRPY,tx,https://y.gtimg.cn/music/photo_new/T002R500x500M000001DEgPu1004bl.jpg,05:00
蝴蝶,陶喆,黑色柳丁,tx_001HIGQO2CrXJb,tx,https://y.gtimg.cn/music/photo_new/T002R500x500M000001mvhPh0qevad.jpg,04:43
夏天的风,温岚,温式效应,tx_0011HJEz1KxzDp,tx,https://y.gtimg.cn/music/photo_new/T002R500x500M000001LB0Mp3zyU1Z.jpg,04:00
亲爱的，那不是爱情,张韶涵,Ang 5.0,wy_326990,wy,http://p1.music.126.net/Zo32hORqgy2prGj-OGGxjw==/109951170169025541.jpg,04:16
淘汰,陈奕迅,认了吧,wy_65528,wy,http://p1.music.126.net/o_OjL_NZNoeog9fIjBXAyw==/18782957139233959.jpg,04:45
暗香,沙宝亮,沙宝亮,tx_0044Y2dh4Nw1US,tx,https://y.gtimg.cn/music/photo_new/T002R500x500M000001XIt6Z1HlZ4m.jpg,04:37
第57次取消发送,菲菲公主（陆绮菲）,第57次取消发送,tx_001P6YOB0eXLlj,tx,https://y.gtimg.cn/music/photo_new/T002R500x500M000000KrDC019mc82.jpg,03:00
寂寞烟火,朱婧汐Akini Jing,以梦为马,wy_29357087,wy,http://p2.music.126.net/B3YbNBOZz-yF-MCx9uMh7g==/109951170735031108.jpg,04:32
归期,钱润玉,凡人修仙传 第二季 动画原声带,wy_1971054019,wy,http://p2.music.126.net/3vJuHBF8RZ6mQ6dhRZwOpQ==/109951169771325066.jpg,04:39
舍离去 (男女合唱版),王子健、拂言,舍离去 (男女合唱版),wy_2033025814,wy,http://p2.music.126.net/oHc-waROY7MrgHOk8rmXlg==/109951168491692771.jpg,03:05
再见,张震岳,再见,wy_185726,wy,http://p1.music.126.net/P1LUZnbCGK13toE1-22idA==/109951165621404244.jpg,03:03
莫愁乡,亞細亞曠世奇才,莫愁乡,wy_2711834126,wy,http://p1.music.126.net/DVi9B70oYVFtDxVqZf_56g==/109951171264259694.jpg,02:16
我是真的爱上你,王杰,爱与梦,wy_156820,wy,http://p2.music.126.net/Nh67KxSWrC0pDevxuPjz_g==/109951165914315906.jpg,05:02
为你而来,阿YueYue,为你而来（网剧《梦回》主题曲）,wy_1429842120,wy,http://p2.music.126.net/FgTVZdcJHXHmBerXJUPo0Q==/109951164790484218.jpg,04:25
知我,国风堂、哦漏,知我,wy_1394167216,wy,http://p2.music.126.net/_etyUh1ofScyTMFArsJXWg==/109951164415301539.jpg,04:37
爱情讯息,郭静,下一个天亮,wy_233888,wy,http://p1.music.126.net/EJnwJffXPnVjxotouLRhug==/109951168105388410.jpg,04:40
珊瑚海,周杰伦、梁心颐,十一月的萧邦,mg_4202,mg,http://d.musicapp.migu.cn/data/oss/resource/00/41/zg/7229b245087945118a81d7fd9006acaf.webp,04:16
群青,YOASOBI,群青,wy_1472480890,wy,http://p1.music.126.net/sF9I_mKMVNtsCD-ZXzfV_A==/109951165251958014.jpg,04:08
アイロニ,majiko,Contrast,wy_31421442,wy,http://p2.music.126.net/8GuBQX2BzcRMA7TPiZiI1A==/109951167814138971.jpg,04:04
言って。,ヨルシカ,夏草が邪魔をする,wy_487527980,wy,http://p1.music.126.net/rD6Ul3DVakQkD8_VeL-aRw==/19162288649094546.jpg,04:02
My Love,田馥甄,My Love,tx_001LD5Hp2ZHLUx,tx,https://y.gtimg.cn/music/photo_new/T002R500x500M000000zU5ho3PTfhA.jpg,05:10
那女孩对我说,黄义达,专属密码,tx_003SKExa05Npec,tx,https://y.gtimg.cn/music/photo_new/T002R500x500M000003GkHZb20mB6f.jpg,04:31
哎呀,王蓉,多爱,wy_299440,wy,http://p1.music.126.net/yIS7IanXjsV4MGjysH4cZg==/109951169614596302.jpg,03:34
字字句句,卢卢快闭嘴,字字句句,tx_003MYoYc05toSc,tx,https://y.gtimg.cn/music/photo_new/T002R500x500M000002unS0323LXHL.jpg,03:20
烟火里的尘埃,黄霄雲,烟火里的尘埃 (原唱: 华晨宇),wy_2682936132,wy,http://p1.music.126.net/CilCoVzBdNyX9ftSGBND8g==/109951170594690300.jpg,05:09
我们的爱,F.I.R.,飞儿乐团,wy_354593,wy,http://p2.music.126.net/JOEEbWGRxTrUu-WbYYz_lQ==/109951167320242838.jpg,04:47
我们的明天,鹿晗,我们的明天,wy_29771231,wy,http://p1.music.126.net/Ls6pVy1PUNbJkEICs8-MYQ==/3240260768542190.jpg,03:52
给未来的自己,梁静茹,崇拜,wy_254135,wy,http://p1.music.126.net/8E9NHOTIf6V6Vv45_Taxdg==/109951168163299080.jpg,04:10
Moshi Moshi (feat. 百足),Nozomi Kitay、GAL D,Moshi Moshi (feat. 百足),wy_2119517202,wy,http://p2.music.126.net/7w44iHWN6s7Hh8KfaosU-Q==/109951169275983406.jpg,02:56
孤寂百年,冯子晨、锦零,孤寂百年,wy_1999622522,wy,http://p2.music.126.net/jzPCcoEVJVL4KIF9-YZzzw==/109951168141717833.jpg,03:10
唯一,G.E.M.邓紫棋,T.I.M.E.,wy_2083785152,wy,http://p1.music.126.net/aJWtwvdYRXvKUpAE2C6NoA==/109951168919708423.jpg,04:13
没有如果,梁静茹、严爵,静茹&情歌 别再为他流泪,wy_254099,wy,http://p2.music.126.net/HhlJCv7-ZyzGq49iKfklPg==/109951168750876196.jpg,04:27
风吹麦浪,李健,想念你,wy_110215,wy,http://p2.music.126.net/AFbJ1KzfXApdFO9owHCEfA==/109951163432573502.jpg,04:07
世界上没有真正的感同身受 (Live),王源,我是唱作人 第3期,wy_1370879992,wy,http://p2.music.126.net/OZa4CiOAKw3LyvyaZXTWvA==/109951164137680698.jpg,04:13
新的心跳,G.E.M.邓紫棋,新的心跳,wy_33190007,wy,http://p2.music.126.net/kVwk6b8Qdya8oDyGDcyAVA==/1364493930777368.jpg,03:36
雨爱,杨丞琳,Rainie & Love....? 雨爱,wy_316100,wy,http://p1.music.126.net/M89REFvvLzYoWGaY49E09g==/109951167282433938.jpg,04:20
下一个天亮,郭静,下一个天亮,wy_233882,wy,http://p2.music.126.net/EJnwJffXPnVjxotouLRhug==/109951168105388410.jpg,04:26
Ditto,NewJeans,NewJeans 'OMG',tx_0035pWIl2LO6cf,tx,https://y.gtimg.cn/music/photo_new/T002R500x500M000003dzmv64ez17A.jpg,03:05
漠河舞厅,柳爽,1st.星球,tx_0043nSjv1TtpMv,tx,https://y.gtimg.cn/music/photo_new/T002R500x500M000003JbcCj0BKtoz.jpg,05:34
无情画,王唯旖,无情画,tx_003ecXAE1LUOsT,tx,https://y.gtimg.cn/music/photo_new/T002R500x500M0000036fYXJ0tcx1e.jpg,04:15
舍得,王唯旖,舍得,tx_0037sebg23jTFg,tx,https://y.gtimg.cn/music/photo_new/T002R500x500M0000015NN8K2RJVPv.jpg,04:22
风景旧曾谙,韦礼安、郭静,孤芳不自赏 电视原声带,tx_003BLT4q3JRhgi,tx,https://y.gtimg.cn/music/photo_new/T002R500x500M0000019ClpK0chNzA.jpg,05:34
叹云兮,鞠婧祎,叹云兮,wy_863481092,wy,http://p1.music.126.net/80ycl8oJz6UBRsGl7MNRUg==/109951170318437851.jpg,04:43
飞飞,门尼,门尼,wy_2082326623,wy,http://p2.music.126.net/8xy-_WY6taeCAiYX1ErNhg==/109951168916549696.jpg,03:40
What Does It Mean to You,Carpetman,What Does It Mean to You,wy_2643514137,wy,http://p1.music.126.net/IzACfhjYrFJC3IRz-7Cf0A==/109951170121359445.jpg,04:00
Be What You Wanna Be,Darin,Darin,wy_1217823,wy,http://p1.music.126.net/TymAhk2vlsAW10T054d2Qw==/109951165994365993.jpg,03:30
孤影,简弘亦,孤影,wy_1950917526,wy,http://p1.music.126.net/i2iKLnGNZ9O5NqgZF9Mh6w==/109951167478499644.jpg,03:18
戒烟,李荣浩,戒烟,wy_518686034,wy,http://p2.music.126.net/yoxDYFnoCq_gFmsdwyYkiQ==/109951168205342389.jpg,04:53
花海,周杰伦,魔杰座,327075_CAD5C392FA6E6BFC2F76F5905BC027ED,kg,http://imge.kugou.com/stdmusic/100/20241118/20241118160622508429.jpg,04:24
Way Down We Go,KALEO,Way Down We Go,tx_0002sRzz0i0EVw,tx,https://y.gtimg.cn/music/photo_new/T002R500x500M000003dIPKH36C8Ht.jpg,03:39
残酷月光,林宥嘉,神秘嘉宾,tx_002FeoGW3Y832q,tx,https://y.gtimg.cn/music/photo_new/T002R500x500M000003rJgHc4NNDUS.jpg,04:29
心跳,王力宏,心·跳,wy_25643258,wy,http://p2.music.126.net/hC-YGyr2cC0E_K_4Vfkztg==/109951163095172063.jpg,04:23
爱错,王力宏,恋爱占星音乐全精选,wy_1301736461,wy,http://p2.music.126.net/febOkiCikU5OcjVLqGNLlg==/109951165994484307.jpg,03:58
春日影 (MyGO!!!!! ver.),MyGO!!!!!,迷迹波,tx_004Fy3wu3A1gHG,tx,https://y.gtimg.cn/music/photo_new/T002R500x500M000002dgkGb2BeT3R.jpg,04:16
白夜,尹姝贻,白夜,tx_002BvRb01f5qJP,tx,https://y.gtimg.cn/music/photo_new/T002R500x500M000001kDOeT1MbIwq.jpg,04:24
壁上观,张曦匀、一棵小葱,壁上观,wy_2066661830,wy,http://p1.music.126.net/mL5Y8OvKVvsdWOO2LYrq_A==/109951168760875117.jpg,04:44
Save Your Tears (Remix),The Weeknd、Ariana Grande,Save Your Tears (Remix),tx_0030ZkB80ExoiX,tx,https://y.gtimg.cn/music/photo_new/T002R500x500M000004YErOb04jUak.jpg,03:11
7 Years,Lukas Graham,Lukas Graham,tx_000IvjwO1NYczE,tx,https://y.gtimg.cn/music/photo_new/T002R500x500M0000040P0iS421Zoq.jpg,03:57
Love Story,Taylor Swift,Fearless,wy_19292984,wy,https://p1.music.126.net/GZERNplXUdzTPkKqo2F4tA==/109951169217536854.jpg,03:56
女儿国·志异 Herland,Metablue赛博蓝、周佳亮,女儿国·志异,tx_002UAokV0Jwjj8,tx,https://y.gtimg.cn/music/photo_new/T002R500x500M000002pa1801iHYf0.jpg,03:39
我怀念的,孙燕姿,逆光,wy_287063,wy,https://p2.music.126.net/hIOFATG-3vNyYHOj31Tyew==/109951169829283327.jpg,04:49
借口,周杰伦,七里香,tx_002XWgfo0IKPOH,tx,https://y.gtimg.cn/music/photo_new/T002R500x500M000003DFRzD192KKD.jpg,04:20
温柔,五月天,爱情万岁,tx_003L6xyk0vvEeA,tx,https://y.gtimg.cn/music/photo_new/T002R500x500M0000042miPf28nzum.jpg,04:29
Levitating,Dua Lipa,Future Nostalgia (Explicit),tx_003XxeuF4YvaAC,tx,https://y.gtimg.cn/music/photo_new/T002R500x500M000000lEPQe0L0Nbs.jpg,03:23
晚婚 (纯享版),谭维维,梦想的声音第三季 纯享版,tx_000odtMw1Bwt0Z,tx,https://y.gtimg.cn/music/photo_new/T002R500x500M000001ggWwj2uGlRE.jpg,05:08
戒网,村西、王馨悦,戒网（《黑神话：悟空》游戏插曲）,tx_003WNo5J2TxtVw,tx,https://y.gtimg.cn/music/photo_new/T002R500x500M000001RCpht2jLgtI.jpg,05:29
如果可以,韦礼安,如果可以,tx_003JOgMV1LeXOC,tx,https://y.gtimg.cn/music/photo_new/T002R500x500M000003WBcyJ1siUkh.jpg,04:34
认真的雪,薛之谦,薛之谦,tx_001hUNRP0P8g7x,tx,https://y.gtimg.cn/music/photo_new/T002R500x500M000003mUYW22JXKVK.jpg,04:19
爱错,王力宏,心中的日月,tx_004fneUm24gD2c,tx,https://y.gtimg.cn/music/photo_new/T002R500x500M000002ElVxf43rOue.jpg,03:58
偷心,张学友,偷心,tx_004IShrs2AZZIL,tx,https://y.gtimg.cn/music/photo_new/T002R500x500M000003jh8m13nL4IH.jpg,04:21
西厢寻他,伯爵Johnny、唐伯虎Annie,西厢寻他,tx_003XMfM13EU6ko,tx,https://y.gtimg.cn/music/photo_new/T002R500x500M0000004WlXc4Jg5bX.jpg,03:43
青丝,时光胶囊,记忆给他的礼物,tx_003ta1CB4RBewr,tx,https://y.gtimg.cn/music/photo_new/T002R500x500M000003ftLzW1u7kaP.jpg,04:52
你在，不在,郭采洁,爱异想,tx_002iw9QC0av1jN,tx,https://y.gtimg.cn/music/photo_new/T002R500x500M000002RsrhE00WCp7.jpg,04:23
最后一页,江语晨,恋习,tx_004INdnu0H2fok,tx,https://y.gtimg.cn/music/photo_new/T002R500x500M000003FO4XF40Ky8L.jpg,04:05
妥协,蔡依林,花蝴蝶,tx_002RKlSk31qs8G,tx,https://y.gtimg.cn/music/photo_new/T002R500x500M000003G0veA193M3O.jpg,04:24
Love Story,Taylor Swift,Fearless (Big Machine Radio Release Special),kg_301331254,kg,http://imge.kugou.com/stdmusic/480/20210804/20210804090403358387.jpg,03:56
初见,刘美麟,初见 (眷思量之烟霞海客),kg_110703284,kg,http://imge.kugou.com/stdmusic/480/20210611/20210611141955832034.jpg,03:20
夏天,李玖哲,好玖,kg_57455,kg,http://imge.kugou.com/stdmusic/480/20210113/20210113104847549857.jpg,03:46
问风,金渔,问风,wy_1882420127,wy,http://p1.music.126.net/WP8pIdROWvXRfr1l1IQiMg==/109951169398569089.jpg,03:34
加州梦游,闫泽欢、于梓贝,加州梦游,wy_1474392057,wy,http://p1.music.126.net/843DGQifz6HZqnT3tgi6uQ==/109951165274067573.jpg,04:26
"Kiss Me, Kill Me",ARI HICKS,"Kiss Me, Kill Me",wy_1483979868,wy,http://p1.music.126.net/k2TAOpRaMwyczdnfhOpEHw==/109951165951970528.jpg,03:02
金风玉露,旅行新蜜蜂,金风玉露,wy_1958200222,wy,http://p1.music.126.net/di7x8ABLM1pM-6W0F5Cckg==/109951167579171575.jpg,04:59
在想你的夜我告诉自己,银河快递,在想你的夜我告诉自己,wy_2065227630,wy,http://p1.music.126.net/XffqU5Cf8ToiitmZrtAAZg==/109951168748589094.jpg,03:26
我的心动被什么打了岔,徐梓淳、五毛,我的心动被什么打了岔,wy_1944652192,wy,http://p1.music.126.net/VS1uPFvr6fc9yuUjNgt3Og==/109951167383090935.jpg,03:21
把氧气挂在云彩,Rex阿红、Mk,把氧气挂在云彩,wy_2110972129,wy,http://p1.music.126.net/GkBAnjgwkX--gw9Q9KBF_w==/109951169199897385.jpg,02:26
寂寞寂寞就好,田馥甄,To Hebe,tx_0041WNvp0LQJBI,tx,https://y.gtimg.cn/music/photo_new/T002R500x500M0000021s3aX36BCI1.jpg,04:35
温泉,许嵩、刘美麟,温泉,wy_1449406576,wy,http://p2.music.126.net/qOPz7RfFFm-DwAjzbf_MfQ==/109951166118817944.jpg,04:43
Generation,tripleS,Acid Angel from Asia <ACCESS>,wy_1993455594,wy,http://p2.music.126.net/DGRariPVl0b5n39uVF2OZQ==/109951169487447132.jpg,02:44
Way Back Home,SHAUN,Take,wy_863046037,wy,http://p2.music.126.net/H6LhX24ts3Va26ojXGQ-jQ==/109951163827768430.jpg,03:34
少年不凡,刘美麟,凡人修仙传 第一季  动画剧原声带,wy_1465288704,wy,http://p2.music.126.net/lvfb_64QYmbib7ccHgDNJA==/109951165165604312.jpg,04:31
若月亮没来 (若是月亮还没来),王宇宙Leto、乔浚丞,若月亮没来（若是月亮还没来）,wy_2119795491,wy,http://p1.music.126.net/Bb50pyrAJzR3ZsjxILnO6A==/109951169278248355.jpg,02:53
南京恋爱通告,银河快递,南京恋爱通告,wy_2094057556,wy,http://p2.music.126.net/1Us05XXpKtEvpjTzj4gl9A==/109951169009146791.jpg,03:40
情歌,梁静茹,现在开始我爱你,wy_254059,wy,http://p2.music.126.net/QKCkMMW_fPDcczRNb0qZyg==/109951168163257789.jpg,04:23
念念,银河快递,念念,wy_2023272991,wy,http://p1.music.126.net/98JhDvsumtDGzzQHB3xHMw==/109951168316859198.jpg,03:47
愿望,胡彦斌,音乐密码,kg_248571,kg,http://imge.kugou.com/stdmusic/480/20211025/20211025204103822895.jpg,03:55
借过一下,周深,借过一下,kg_352355458,kg,http://imge.kugou.com/stdmusic/480/20240514/20240514173302574513.jpg,04:53
杀死那个石家庄人,万能青年旅店,万能青年旅店 同名专辑,kg_304644999,kg,http://imge.kugou.com/stdmusic/480/20210114/20210114180015247495.jpg,05:44
一样的月光,徐佳莹,LaLa首张创作专辑,wy_306665,wy,http://p1.music.126.net/b1hZLgWA9ihXkivZeqo81g==/109951168296446353.jpg,04:00
脆弱星球,杨胖雨,脆弱星球,wy_1453086724,wy,http://p2.music.126.net/Olt-Nk_XlAzNG8acR-iVLQ==/109951166137759900.jpg,03:19
걱정말아요 그대,全仁权,전인권 4집(전인권과 안 싸우는 사람들),wy_488839448,wy,http://p2.music.126.net/Wg3K4UHIaXYn9WtfqgkUDw==/109951169159556368.jpg,04:40
追梦赤子心,GALA,追梦痴子心,wy_355992,wy,http://p2.music.126.net/XDncptlBJ4_LN3hLBx-8aw==/19061133579343591.jpg,05:17
夜车,曾轶可,一只猫的旅行 Forever 21,wy_340376,wy,http://p1.music.126.net/s7Cn8bl21KY7kGiBWMdaFg==/109951163105666561.jpg,03:11
靠近,罗震环,爱不老-罗震环2020 - EP,wy_25639009,wy,http://p2.music.126.net/izoxLq0U8dSR-5U8Lx5OIw==/109951168091651200.jpg,03:50
若把你,Kirsty刘瑾睿,若把你,wy_865632948,wy,http://p1.music.126.net/M877M2-VhWZiLPVFORf9iQ==/109951163401482434.jpg,03:09
怎叹,郑鱼,怎叹,kg_109861957,kg,http://imge.kugou.com/stdmusic/480/20221205/20221205174215657099.jpg,04:06
那个人,周延英（英子-effie）,那个人,kg_28772423,kg,http://imge.kugou.com/stdmusic/480/20170921/20170921081008563649.jpg,04:39
天真有邪,林宥嘉,今日营业中,wy_417833029,wy,http://p2.music.126.net/oVJmUJ1bPb_9eBOFCKLclQ==/109951163167730852.jpg,05:30
万物生 (Chinese Version),萨顶顶,万物生 (London Version),wy_472763319,wy,http://p1.music.126.net/XBozDHBJSjQWBym-3Ov3sg==/17922039533003962.jpg,04:33
天外来物,薛之谦,天外来物,wy_1463165983,wy,http://p1.music.126.net/MgH6SepYHboKPr6FR8yg-w==/109951167040040692.jpg,04:17
11,G.E.M.邓紫棋,T.I.M.E.,wy_2093526245,wy,http://p1.music.126.net/aJWtwvdYRXvKUpAE2C6NoA==/109951168919708423.jpg,03:48
非酋,薛黛霏、朱贺,非酋,kg_27371177,kg,http://imge.kugou.com/stdmusic/480/20210113/20210113154711350746.jpg,02:52
起风了,买辣椒也用券,起风了,kg_46341083,kg,http://imge.kugou.com/stdmusic/480/20220119/20220119171002204341.jpg,05:25
像鱼,王贰浪,像鱼,kg_48078370,kg,http://imge.kugou.com/stdmusic/480/20210113/20210113054235317399.jpg,04:45
喜欢寂寞,苏打绿,你在烦恼什么,kg_46893,kg,http://imge.kugou.com/stdmusic/480/20230302/20230302182202865320.jpg,04:24
昨日青空,尤长靖,昨日青空,kg_40140883,kg,http://imge.kugou.com/stdmusic/480/20180723/20180723104259983114.jpg,04:39
安静了,S.H.E,我的电台 FM S.H.E,kg_256654,kg,http://imge.kugou.com/stdmusic/480/20160907/20160907213101865569.jpg,04:31
想某人,王优秀,想某人,kg_115935817,kg,http://imge.kugou.com/stdmusic/480/20210805/20210805215422444360.jpg,03:38
Anywhere I Go,Vicetone,Anywhere I Go,tx_003EACsT31HrAc,tx,https://y.gtimg.cn/music/photo_new/T002R500x500M000001fxgXW0MCExk.jpg,03:19
爱是无畏的冒险,程今,爱是无畏的冒险,tx_002Nd4Yk1kZ6O8,tx,https://y.gtimg.cn/music/photo_new/T002R500x500M000003h7muZ2KeDoj.jpg,02:57
微微,傅如乔,微微,wy_1433434738,wy,http://p1.music.126.net/IUO87TLnekKYxGaWg_CbiQ==/109951164839657994.jpg,04:37
人间烟火,程响,人间烟火,wy_1929363849,wy,http://p1.music.126.net/Qq4xBlxzFdWDAcAaWLCs5w==/109951168739612959.jpg,03:53
向云端,小霞、海洋Bo,向云端,wy_2049512697,wy,http://p2.music.126.net/TmOHxaGnFNlwNX8aPz66oA==/109951168638913915.jpg,04:11
凄美地,郭顶,飞行器的执行周期,wy_436346833,wy,http://p2.music.126.net/wSMfGvFzOAYRU_yVIfquAA==/2946691248081599.jpg,04:10
你都忘了你有多美,新裤子,爱 广播 飞机,wy_1883144310,wy,http://p1.music.126.net/SxZuctkGs0hbbWQ7WdSEDA==/109951166580769433.jpg,03:06
念,薛之谦,念,wy_2064033095,wy,http://p2.music.126.net/QxtlFDWCaKICD00pGIlzNg==/109951168739117009.jpg,05:08
阿刁,赵雷,无法长大,wy_447925059,wy,http://p2.music.126.net/BJgUd9aD9gpougZFASRTTw==/18548761162235571.jpg,06:14
好想爱这个世界啊,华晨宇,好想爱这个世界啊,wy_1407358755,wy,http://p2.music.126.net/3-y4J1CayZI0k2NkNkTmDw==/109951164525748216.jpg,04:18
可愛くてごめん,HoneyWorks、かぴ,告白実行委員会 -FLYING SONGS- 恋してる,kg_182112599,kg,http://imge.kugou.com/stdmusic/480/20220804/20220804120903164991.jpg,03:39
精卫,30年前，50年后,丧失年轻，勿失年华,wy_1951069525,wy,http://p2.music.126.net/jSH_ikeooxveWl0BTc3Xkg==/109951166786983190.jpg,02:56
先走的人,胡海泉,胡（Banker）,wy_1416353252,wy,http://p2.music.126.net/HyYzebwVUkihyD_1Tiir6g==/109951164622650743.jpg,03:32
寂寞星球的玫瑰,G.E.M.邓紫棋,My Secret,wy_26117674,wy,http://p2.music.126.net/Q6ROCCNP2qtqmDzp4uswgA==/109951163069327659.jpg,04:46
来吧，占领我的无私,银河快递 (Galaxy Express),来吧，占领我的无私,tx_003NT4IF0yDX1S,tx,https://y.gtimg.cn/music/photo_new/T002R500x500M000002Y4m6U16tQBV.jpg,03:24
成都,赵雷,成都,wy_436514312,wy,http://p1.music.126.net/34YW1QtKxJ_3YnX9ZzKhzw==/2946691234868155.jpg,05:28
飘雪,韩雪,飘雪,wy_239023,wy,http://p4.music.126.net/YGFiBzyHMaufe-1Md-7f0w==/18570751394833681.jpg,05:36
十万嬉皮,万能青年旅店,万能青年旅店 同名专辑,wy_386837,wy,http://p3.music.126.net/W1kczDCB4-r-uNAznD1ljg==/108851651165850.jpg,04:44
岛屿,棱镜乐队,石头想有糖的温度,wy_1418131335,wy,http://p3.music.126.net/5QqPaUiTnTVxB5dZxDX3_Q==/109951165266634946.jpg,05:02
循迹,王子健,循迹,wy_2018432856,wy,http://p3.music.126.net/pwBA9COg9G8bUw0GOUlDzQ==/109951168271926504.jpg,03:17
三拜红尘凉,尹昔眠,三拜红尘凉,wy_1969320038,wy,http://p3.music.126.net/uuGMRSMzaULlWyGbG-99MQ==/109951167743445530.jpg,02:56
路过人间,郁可唯,路过人间,tx_0042jyJt0aQ0Gd,tx,https://y.gtimg.cn/music/photo_new/T002R500x500M000004NkJKq0GkHOa.jpg,04:05
极恶都市,夏日入侵企画,极恶都市,wy_570340213,wy,http://p4.music.126.net/ZqJp0p4eDzCUCboH-WZJYA==/109951163326946996.jpg,04:28
想去海边,夏日入侵企画,想去海边,wy_1413863166,wy,http://p3.music.126.net/sLWN-iePq4ESOMPER0IWgQ==/109951164602081973.jpg,04:27
你好么,歌之初乐队,你好么,wy_1905291615,wy,http://p3.music.126.net/1_XGtKgR1oDPDb7_gwQmgw==/109951166756368262.jpg,04:42
雾里,姚六一,雾里,kw_163982269,kw,http://img1.kwcdn.kuwo.cn/star/albumcover/500/34/23/3953455792.jpg,04:12
Ref:rain,Aimer,Ref:rain,kw_56510314,kw,http://img1.kwcdn.kuwo.cn/star/albumcover/500/16/50/2110191548.jpg,04:50
怎配,镜予歌、喧笑、陈亦洺,怎配,kw_232523851,kw,http://img1.kwcdn.kuwo.cn/star/albumcover/500/14/11/2604904639.jpg,03:51
三十岁的女人,赵雷,吉姆餐厅,kw_5835277,kw,http://img1.kwcdn.kuwo.cn/star/albumcover/500/91/70/1493504704.jpg,05:26
パズルガール (cover),鎖那,(un) sentimental spica,kw_6846961,kw,http://img1.kwcdn.kuwo.cn/star/albumcover/500/82/42/958024918.jpg,04:33
情书,容祖儿、蔡卓妍、钟欣潼,情书,kw_211085739,kw,http://img1.kwcdn.kuwo.cn/star/albumcover/500/12/24/2420715831.jpg,04:13
天空没有极限,G.E.M.邓紫棋,启示录,kw_233274166,kw,http://img1.kwcdn.kuwo.cn/star/albumcover/500/88/99/1064612037.jpg,04:39
是妈妈是女儿,黄绮珊、希林娜依高,是妈妈是女儿,kw_259452857,kw,http://img1.kwcdn.kuwo.cn/star/albumcover/500/78/3/2636978520.jpg,06:15
鼓楼,赵雷,无法长大,kw_16827759,kw,http://img1.kwcdn.kuwo.cn/star/albumcover/500/50/55/2861943135.jpg,04:41
Viva La Vida,Coldplay,Viva la Vida (生命万岁),kg_705651,kg,http://imge.kugou.com/stdmusic/480/20170730/20170730003008746803.jpg,04:01
霓虹甜心,马赛克,霓虹甜心,kw_56514931,kw,http://img1.kwcdn.kuwo.cn/star/albumcover/500/20/52/3746506517.jpg,04:31
小城夏天,LBI利比,小城夏天,kw_215613356,kw,http://img1.kwcdn.kuwo.cn/star/albumcover/500/58/74/2885095875.jpg,02:53
是你,梦然,是你,kw_229121458,kw,http://img1.kwcdn.kuwo.cn/star/albumcover/500/13/85/1620207326.jpg,03:43
再见,G.E.M.邓紫棋,新的心跳,kw_6683124,kw,http://img1.kwcdn.kuwo.cn/star/albumcover/500/82/19/631947701.jpg,03:26
违章动物,许嵩,违章动物,kw_3450440,kw,http://img1.kwcdn.kuwo.cn/star/albumcover/500/57/30/2725616917.jpg,04:09
嘉宾,张远,嘉宾,kg_84578970,kg,http://imge.kugou.com/stdmusic/480/20210802/20210802110434444360.jpg,05:33
如愿,王菲,如愿,kg_121555048,kg,http://imge.kugou.com/stdmusic/480/20210924/20210924225802830393.jpg,04:25
凉凉,杨宗纬、张碧晨,三生三世十里桃花 电视剧原声专辑,kw_15249349,kw,http://img1.kwcdn.kuwo.cn/star/albumcover/500/28/12/874556770.jpg,05:33
阳光宅男,周杰伦,我很忙,kw_324248,kw,http://img1.kwcdn.kuwo.cn/star/albumcover/500/7/83/4087363627.jpg,03:40
没有理想的人不伤心,新裤子,生活因你而火热,kw_7020459,kw,http://img1.kwcdn.kuwo.cn/star/albumcover/500/60/78/705900609.jpg,05:41
慢冷,梁静茹,我好吗？－太阳如常升起,kw_69319382,kw,http://img1.kwcdn.kuwo.cn/star/albumcover/500/62/47/3082512393.jpg,04:49
我记得,赵雷,署前街少年,kw_235882595,kw,http://img1.kwcdn.kuwo.cn/star/albumcover/500/46/52/952362939.jpg,05:29
无赖,郑中基,Before After,kw_19003873,kw,http://img1.kwcdn.kuwo.cn/star/albumcover/500/6/8/3907882606.jpg,04:03
陪你度过漫长岁月,陈奕迅,陪你度过漫长岁月 (""陪安东尼度过漫长岁月""电影主题曲),kw_6655007,kw,http://img1.kwcdn.kuwo.cn/star/albumcover/500/30/65/4200753808.jpg,04:02
东风破,周杰伦,叶惠美,kw_79479,kw,http://img1.kwcdn.kuwo.cn/star/albumcover/500/64/96/2266534336.jpg,05:15
开不了口,周杰伦,范特西,kw_313069,kw,http://img1.kwcdn.kuwo.cn/star/albumcover/500/39/0/1272200948.jpg,04:44
倒带,蔡依林,城堡,kw_291655,kw,http://img1.kwcdn.kuwo.cn/star/albumcover/500/95/42/1448394887.jpg,04:24
画心,张靓颖,画心,kw_409472,kw,http://img1.kwcdn.kuwo.cn/star/albumcover/500/81/80/3317592440.jpg,07:12
有可能的夜晚,曾轶可,2022,kw_228822371,kw,http://img1.kwcdn.kuwo.cn/star/albumcover/500/35/34/3391932318.jpg,04:30
像风一样,薛之谦,渡 The Crossing,kw_35712554,kw,http://img1.kwcdn.kuwo.cn/star/albumcover/500/56/73/16781858.jpg,04:15
让我留在你身边,陈奕迅,让我留在你身边,kw_9944843,kw,http://img1.kwcdn.kuwo.cn/star/albumcover/500/93/67/1443811514.jpg,03:08
夜半,谢宇伦,夜半,kw_60860105,kw,http://img1.kwcdn.kuwo.cn/star/albumcover/500/53/15/1982790744.jpg,04:55
藏,徐梦圆、双笙,徐梦圆 同名专辑,kw_59197752,kw,http://img1.kwcdn.kuwo.cn/star/albumcover/500/54/23/292872447.jpg,03:18
清明上河图,李玉刚,新贵妃醉酒,kw_919757,kw,http://img1.kwcdn.kuwo.cn/star/albumcover/500/84/9/902556646.jpg,04:38
Blueming,IU,Love poem,kg_63243718,kg,http://imge.kugou.com/stdmusic/480/20211216/20211216155407498415.jpg,03:37
独家记忆,陈小春,独家记忆,kg_247776,kg,http://imge.kugou.com/stdmusic/480/20200909/20200909114452517665.jpg,05:07
空心,光泽,光泽,kw_22874360,kw,http://img1.kwcdn.kuwo.cn/star/albumcover/500/80/46/6598259.jpg,04:39
蝴蝶的时间,许嵩,蝴蝶的时间,kw_36188712,kw,http://img1.kwcdn.kuwo.cn/star/albumcover/500/17/18/3264308523.jpg,05:20
红昭愿,音阙诗听,红昭愿,kw_16644260,kw,http://img1.kwcdn.kuwo.cn/star/albumcover/500/14/73/3654364992.jpg,02:53
平凡之路,朴树,猎户星座,kw_5960811,kw,http://img1.kwcdn.kuwo.cn/star/albumcover/500/75/9/3640622973.jpg,05:01
老街,李荣浩,小黄,kw_853270,kw,http://img1.kwcdn.kuwo.cn/star/albumcover/500/82/27/3094154924.jpg,05:19
惊鸿一面,许嵩、黄龄,不如吃茶去,kw_4856712,kw,http://img1.kwcdn.kuwo.cn/star/albumcover/500/59/23/2851294451.jpg,04:16
summertime,cinnamons、evening cinema,summertime,kw_40546680,kw,http://img1.kwcdn.kuwo.cn/star/albumcover/500/83/71/50885404.jpg,04:11
夜空中最亮的星,逃跑计划,世界,wy_25706282,wy,http://p3.music.126.net/Eef2K2KV9dT3XUA6_Ve-Rw==/109951165543196748.jpg,04:12
赤伶,HITA,赤伶,kw_54916976,kw,http://img1.kwcdn.kuwo.cn/star/albumcover/500/45/0/3397162585.jpg,04:26
人世间,雷佳,人世间 电视剧原声带,kw_208068689,kw,http://img1.kwcdn.kuwo.cn/star/albumcover/500/72/30/1353970321.jpg,04:13
别叫我达芬奇(Punk Version),Lil Ghost小鬼,别叫我达芬奇 (Punk Version),kw_176762338,kw,http://img1.kwcdn.kuwo.cn/star/albumcover/500/78/64/1199388684.jpg,03:24
深海少女,のぶなが,voices in a bottle ～海を越え届いた歌声～,kw_22817589,kw,http://img1.kwcdn.kuwo.cn/star/albumcover/500/65/28/3508029701.jpg,03:36
兰亭序,周杰伦,魔杰座,kw_440616,kw,http://img1.kwcdn.kuwo.cn/star/albumcover/500/72/44/3648126291.jpg,04:13
神的随波逐流,泠鸢yousa,填词作品集,kw_51497915,kw,http://img1.kwcdn.kuwo.cn/star/albumcover/500/55/68/1041899134.jpg,04:16
心做し(カバー),majiko,Contrast,kw_61631119,kw,http://img1.kwcdn.kuwo.cn/star/albumcover/500/40/90/2518919739.jpg,04:33
打上花火,米津玄师、daoko,打上花火 (通常盤),kw_28510075,kw,http://img1.kwcdn.kuwo.cn/star/albumcover/500/72/96/2566658895.jpg,04:49
可乐,赵紫骅,可乐,kw_23915465,kw,http://img1.kwcdn.kuwo.cn/star/albumcover/500/8/59/1706337448.jpg,05:45
春风十里,鹿先森乐队,所有的酒，都不如你,kw_9948047,kw,http://img1.kwcdn.kuwo.cn/star/albumcover/500/50/61/3660905733.jpg,06:15
燕归巢,许嵩,青年晚报,kw_7117597,kw,http://img1.kwcdn.kuwo.cn/star/albumcover/500/28/65/3216843124.jpg,04:54
山水之间,许嵩,不如吃茶去,kw_4860442,kw,http://img1.kwcdn.kuwo.cn/star/albumcover/500/59/23/2851294451.jpg,04:36
清明雨上,许嵩,自定义,kw_461317,kw,http://img1.kwcdn.kuwo.cn/star/albumcover/500/55/26/2419367180.jpg,03:39
有何不可,许嵩,自定义,kw_455880,kw,http://img1.kwcdn.kuwo.cn/star/albumcover/500/55/26/2419367180.jpg,04:01
庐州月,许嵩,寻雾启示,kw_624579,kw,http://img1.kwcdn.kuwo.cn/star/albumcover/500/44/79/2748377536.jpg,04:15
知否知否,胡夏、郁可唯,知否知否应是绿肥红瘦 电视剧原声带,kw_60140414,kw,http://img1.kwcdn.kuwo.cn/star/albumcover/500/56/60/4126584854.jpg,04:36
西楼别序,尹昔眠、小田音乐社,西楼别序,kw_162096535,kw,http://img1.kwcdn.kuwo.cn/star/albumcover/500/81/18/1113153742.jpg,03:47
日落大道,梁博,迷藏,kw_6686319,kw,http://img1.kwcdn.kuwo.cn/star/albumcover/500/86/67/1941541207.jpg,04:35